﻿学号,姓名,论文题目
1,学生1,基于SDN的Raft算法改进
2,学生2,云环境下虚拟机放置算法研究
3,学生3,基于检测学习和相关滤波的视觉目标跟踪研究
4,学生4,基于神经网络的蛋白质硝基化与亚硝基化位点预测模型
5,学生5,基于数据挖掘算法的通信用户流失预测模型研究
6,学生6,基于网络编码的P2P文件下载方案研究
7,学生7,基于卷积神经网络的文本分类模型与系统开发
,,
,,
,,
,,
,,
,,
,,
,,
,,
